anime_id,name,genre,type,episodes,rating,members
5114,Fullmetal Alchemist: Brotherhood,"Action, Adventure, Drama, Fantasy, Magic, Military, Shounen",TV,64,9.26,793665
9253,Steins;Gate,"Sci-Fi, Thriller",TV,24,9.17,673572
4181,Clannad: After Story,"Drama, Fantasy, Romance, Slice of Life, Supernatural",TV,24,9.06,456749
2904,Code Geass: Hangyaku no Lelouch R2,"Action, Drama, Mecha, Military, Sci-Fi, Super Power",TV,25,8.98,572888
199,Sen to Chihiro no Kamikakushi,"Adventure, Drama, Supernatural",Movie,1,8.93,466254
1575,Code Geass: Hangyaku no Lelouch,"Action, Mecha, Military, School, Sci-Fi, Super Power",TV,25,8.83,715151
1,Cowboy Bebop,"Action, Adventure, Comedy, Drama, Sci-Fi, Space",TV,26,8.82,486824
30276,One Punch Man,"Action, Comedy, Parody, Sci-Fi, Seinen, Super Power, Supernatural",TV,12,8.82,552458
164,Mononoke Hime,"Action, Adventure, Fantasy",Movie,1,8.81,339556
457,Mushishi,"Adventure, Fantasy, Historical, Mystery, Seinen, Slice of Life, Supernatural",TV,26,8.78,300030
2001,Tengen Toppa Gurren Lagann,"Action, Adventure, Comedy, Mecha, Sci-Fi",TV,27,8.78,562962
245,Great Teacher Onizuka,"Comedy, Drama, School, Shounen, Slice of Life",TV,43,8.77,268487
431,Howl no Ugoku Shiro,"Adventure, Drama, Fantasy, Romance",Movie,1,8.74,333186
11741,Fate/Zero 2nd Season,"Action, Fantasy, Supernatural, Thriller",TV,12,8.73,340973
1535,Death Note,"Mystery, Police, Psychological, Supernatural, Thriller",TV,37,8.71,1013917
20583,Haikyuu!!,"Comedy, Drama, School, Shounen, Sports",TV,25,8.68,284498
9989,Ano Hi Mita Hana no Namae wo Bokutachi wa Mada Shiranai.,"Drama, Slice of Life, Supernatural",TV,11,8.62,463835
10408,Hotarubi no Mori e,"Drama, Romance, Shoujo, Supernatural",Movie,1,8.61,197439
777,Hellsing Ultimate,"Action, Horror, Military, Seinen, Supernatural, Vampire",OVA,10,8.59,297454
22535,Kiseijuu: Sei no Kakuritsu,"Action, Drama, Horror, Psychological, Sci-Fi, Seinen",TV,24,8.59,425457
16894,Kuroko no Basket 2nd Season,"Comedy, School, Shounen, Sports",TV,25,8.58,243325
170,Slam Dunk,"Comedy, Drama, School, Shounen, Sports",TV,101,8.56,82570
32182,Mob Psycho 100,"Action, Comedy, Slice of Life, Supernatural",TV,12,8.55,193716
877,Nana,"Comedy, Drama, Music, Romance, Shoujo, Slice of Life",TV,47,8.55,197256
2251,Baccano!,"Action, Comedy, Historical, Mystery, Seinen, Supernatural",TV,13,8.54,363215
16498,Shingeki no Kyojin,"Action, Drama, Fantasy, Shounen, Super Power",TV,25,8.54,896229
10030,Bakuman. 2nd Season,"Comedy, Drama, Romance, Shounen",TV,25,8.53,151561
3784,Evangelion: 2.0 You Can (Not) Advance,"Action, Mecha, Sci-Fi",Movie,1,8.53,182224
10087,Fate/Zero,"Action, Fantasy, Supernatural",TV,13,8.51,453630
9756,Mahou Shoujo Madoka★Magica,"Drama, Magic, Psychological, Thriller",TV,12,8.51,462974
13601,Psycho-Pass,"Action, Police, Psychological, Sci-Fi",TV,22,8.5,509109
18115,Magi: The Kingdom of Magic,"Action, Adventure, Fantasy, Magic, Shounen",TV,25,8.5,245026
205,Samurai Champloo,"Action, Adventure, Comedy, Historical, Samurai, Shounen",TV,26,8.5,390076
30503,Noragami Aragoto,"Action, Adventure, Shounen, Supernatural",TV,13,8.48,299434
523,Tonari no Totoro,"Adventure, Comedy, Supernatural",Movie,1,8.48,271484
19815,No Game No Life,"Adventure, Comedy, Ecchi, Fantasy, Game, Supernatural",TV,12,8.47,602291
392,Yuu☆Yuu☆Hakusho,"Action, Comedy, Demons, Fantasy, Martial Arts, School, Shounen",TV,112,8.47,195017
11771,Kuroko no Basket,"Comedy, School, Shounen, Sports",TV,25,8.46,338315
10863,Steins;Gate: Oukoubakko no Poriomania,"Sci-Fi, Thriller",Special,1,8.46,159548
32,Neon Genesis Evangelion: The End of Evangelion,"Dementia, Drama, Mecha, Psychological, Sci-Fi",Movie,1,8.45,215630
4224,Toradora!,"Comedy, Romance, School, Slice of Life",TV,25,8.45,633817
45,Rurouni Kenshin: Meiji Kenkaku Romantan,"Action, Adventure, Comedy, Historical, Romance, Samurai",TV,94,8.43,218928
2418,Stranger: Mukou Hadan,"Action, Adventure, Historical, Samurai",Movie,1,8.43,125503
1889,Higurashi no Naku Koro ni Kai,"Mystery, Psychological, Supernatural, Thriller",TV,24,8.41,218101
1210,NHK ni Youkoso!,"Comedy, Drama, Psychological, Romance",TV,24,8.4,291228
13759,Sakurasou no Pet na Kanojo,"Comedy, Drama, Romance, School, Slice of Life",TV,24,8.4,380375
6547,Angel Beats!,"Action, Comedy, Drama, School, Supernatural",TV,13,8.39,717796
5081,Bakemonogatari,"Mystery, Romance, Supernatural, Vampire",TV,15,8.39,482268
853,Ouran Koukou Host Club,"Comedy, Harem, Romance, School, Shoujo",TV,26,8.39,422271
6746,Durarara!!,"Action, Mystery, Supernatural",TV,24,8.38,556431
6811,InuYasha: Kanketsu-hen,"Action, Adventure, Comedy, Demons, Fantasy, Magic, Romance, Shounen, Supernatural",TV,26,8.37,99128
1604,Katekyo Hitman Reborn!,"Action, Comedy, Shounen, Super Power",TV,203,8.37,258103
7674,Bakuman.,"Comedy, Romance, Shounen",TV,25,8.35,246899
11843,Danshi Koukousei no Nichijou,"Comedy, School, Shounen, Slice of Life",TV,12,8.35,258914
16782,Kotonoha no Niwa,"Drama, Psychological, Romance, Slice of Life",Movie,1,8.35,189741
121,Fullmetal Alchemist,"Action, Adventure, Comedy, Drama, Fantasy, Magic, Military, Shounen",TV,51,8.33,600384
813,Dragon Ball Z,"Action, Adventure, Comedy, Fantasy, Martial Arts, Shounen, Super Power",TV,291,8.32,375662
30,Neon Genesis Evangelion,"Action, Dementia, Drama, Mecha, Psychological, Sci-Fi",TV,26,8.32,461946
6,Trigun,"Action, Comedy, Sci-Fi",TV,26,8.32,283069
1519,Black Lagoon: The Second Barrage,"Action, Seinen",TV,12,8.3,203233
2167,Clannad,"Comedy, Drama, Romance, School, Slice of Life, Supernatural",TV,23,8.3,566690
16706,Kami nomi zo Shiru Sekai: Megami-hen,"Comedy, Harem, Romance, Shounen, Supernatural",TV,12,8.3,142612
5681,Summer Wars,"Comedy, Sci-Fi",Movie,1,8.3,223359
3702,Detroit Metal City,"Comedy, Music",OVA,12,8.26,104893
7054,Kaichou wa Maid-sama!,"Comedy, Romance, School, Shoujo",TV,26,8.26,391628
2025,Darker than Black: Kuro no Keiyakusha,"Action, Mystery, Sci-Fi, Super Power",TV,25,8.25,440334
23289,Gekkan Shoujo Nozaki-kun,"Comedy, Romance, School",TV,12,8.24,292622
14513,Magi: The Labyrinth of Magic,"Action, Adventure, Fantasy, Magic, Shounen",TV,25,8.24,317513
18679,Kill la Kill,"Action, Comedy, School, Super Power",TV,24,8.23,508118
6702,Fairy Tail,"Action, Adventure, Comedy, Fantasy, Magic, Shounen",TV,175,8.22,584590
2759,Evangelion: 1.0 You Are (Not) Alone,"Action, Mecha, Sci-Fi",Movie,1,8.21,194561
11597,Nisemonogatari,"Comedy, Mystery, Supernatural",TV,11,8.21,260062
889,Black Lagoon,"Action, Seinen",TV,12,8.17,332562
934,Higurashi no Naku Koro ni,"Horror, Mystery, Psychological, Supernatural, Thriller",TV,26,8.17,359494
20507,Noragami,"Action, Adventure, Shounen, Supernatural",TV,12,8.17,515378
14075,Zetsuen no Tempest,"Action, Drama, Fantasy, Magic, Mystery, Psychological, Shounen",TV,24,8.17,259900
223,Dragon Ball,"Adventure, Comedy, Fantasy, Martial Arts, Shounen, Super Power",TV,153,8.16,316102
16049,Toaru Kagaku no Railgun S,"Action, Sci-Fi, Super Power",TV,24,8.16,137105
4059,"Clannad: Mou Hitotsu no Sekai, Tomoyo-hen","Drama, Romance, School, Slice of Life",Special,1,8.14,160423
7791,K-On!!,"Comedy, Music, School, Slice of Life",TV,26,8.14,246276
17265,Log Horizon,"Action, Adventure, Fantasy, Game, Magic, Shounen",TV,25,8.14,387100
10080,Kami nomi zo Shiru Sekai II,"Comedy, Harem, Romance, Shounen, Supernatural",TV,12,8.12,194300
14813,Yahari Ore no Seishun Love Comedy wa Machigatteiru.,"Comedy, Drama, Romance, School",TV,13,8.12,353876
1689,Byousoku 5 Centimeter,"Drama, Romance, Slice of Life",Movie,3,8.1,324035
3588,Soul Eater,"Action, Adventure, Comedy, Fantasy, Shounen, Supernatural",TV,51,8.08,580184
10620,Mirai Nikki (TV),"Action, Mystery, Psychological, Shounen, Supernatural, Thriller",TV,26,8.07,657190
22319,Tokyo Ghoul,"Action, Drama, Horror, Mystery, Psychological, Seinen, Supernatural",TV,12,8.07,618056
227,FLCL,"Action, Comedy, Dementia, Mecha, Parody, Sci-Fi",OVA,6,8.06,305165
4898,Kuroshitsuji,"Action, Comedy, Demons, Fantasy, Historical, Shounen, Supernatural",TV,24,8.06,424919
15689,Nekomonogatari: Kuro,"Comedy, Romance, Supernatural",TV,4,8.06,173264
849,Suzumiya Haruhi no Yuuutsu,"Comedy, Mystery, Parody, School, Sci-Fi, Slice of Life",TV,14,8.06,428569
29803,Overlord,"Action, Adventure, Fantasy, Game, Magic, Supernatural",TV,13,8.04,244268
15809,Hataraku Maou-sama!,"Comedy, Demons, Fantasy, Romance, Shounen",TV,13,8.03,409037
6351,"Clannad: After Story - Mou Hitotsu no Sekai, Kyou-hen","Drama, Romance, School",Special,1,8.02,138364
11887,Kokoro Connect,"Comedy, Drama, Romance, School, Slice of Life, Supernatural",TV,13,8.01,283847
8516,Baka to Test to Shoukanjuu Ni!,"Comedy, Romance, School, Super Power",TV,13,7.98,183722
28907,"Gate: Jieitai Kanochi nite, Kaku Tatakaeri","Action, Adventure, Fantasy, Military",TV,12,7.97,244314
12413,Jormungand,"Action, Adventure, Seinen",TV,12,7.96,137610
269,Bleach,"Action, Comedy, Shounen, Super Power, Supernatural",TV,366,7.95,624055
14741,Chuunibyou demo Koi ga Shitai!,"Comedy, Drama, Romance, School, Slice of Life",TV,12,7.95,394399
8525,Kami nomi zo Shiru Sekai,"Comedy, Harem, Romance, Shounen, Supernatural",TV,12,7.95,284846
20159,Pokemon: The Origin,"Action, Adventure, Comedy, Fantasy, Kids",Special,4,7.94,85947
9919,Ao no Exorcist,"Action, Demons, Fantasy, Shounen, Supernatural",TV,25,7.92,583823
1818,Claymore,"Action, Adventure, Demons, Fantasy, Shounen, Super Power, Supernatural",TV,26,7.92,316853
18897,Nisekoi,"Comedy, Harem, Romance, School, Shounen",TV,20,7.91,347599
552,Digimon Adventure,"Action, Adventure, Comedy, Fantasy, Kids",TV,54,7.89,182208
249,InuYasha,"Action, Adventure, Comedy, Demons, Fantasy, Magic, Romance, Shounen, Supernatural",TV,167,7.89,281632
11111,Another,"Horror, Mystery, School, Supernatural, Thriller",TV,12,7.88,534657
11737,Ao no Exorcist Movie,"Action, Demons, Fantasy, Shounen, Supernatural",Movie,1,7.88,105183
18153,Kyoukai no Kanata,"Fantasy, Slice of Life, Supernatural",TV,12,7.88,359011
15451,High School DxD New,"Action, Comedy, Demons, Ecchi, Harem, Romance, School",TV,12,7.87,266657
5680,K-On!,"Comedy, Music, School, Slice of Life",TV,13,7.87,386048
1887,Lucky☆Star,"Comedy, Parody, School, Slice of Life",TV,24,7.87,305837
9790,Sora no Otoshimono: Tokeijikake no Angeloid,"Comedy, Drama, Ecchi, Harem, Romance, Sci-Fi, Shounen, Supernatural",Movie,1,7.87,70391
6213,Toaru Kagaku no Railgun,"Action, Sci-Fi, Super Power",TV,24,7.87,231079
8407,Sora no Otoshimono: Forte,"Comedy, Ecchi, Harem, Romance, Sci-Fi, Shounen, Supernatural",TV,12,7.86,146697
226,Elfen Lied,"Action, Drama, Horror, Psychological, Romance, Seinen, Supernatural",TV,13,7.85,623511
15315,Mondaiji-tachi ga Isekai kara Kuru Sou Desu yo?,"Comedy, Fantasy, Supernatural",TV,10,7.85,218231
22199,Akame ga Kill!,"Action, Adventure, Fantasy",TV,24,7.84,492133
8937,Toaru Majutsu no Index II,"Action, Magic, Sci-Fi, Super Power",TV,24,7.84,184520
6347,Baka to Test to Shoukanjuu,"Comedy, Romance, School, Super Power",TV,13,7.83,301282
11757,Sword Art Online,"Action, Adventure, Fantasy, Game, Romance",TV,25,7.83,893100
13663,To LOVE-Ru Darkness,"Comedy, Ecchi, Harem, Romance, School, Sci-Fi, Shounen",TV,12,7.82,135929
10793,Guilty Crown,"Action, Drama, Sci-Fi, Super Power",TV,22,7.81,460959
20,Naruto,"Action, Comedy, Martial Arts, Shounen, Super Power",TV,220,7.81,683297
10790,Kore wa Zombie Desu ka? of the Dead,"Action, Comedy, Ecchi, Harem, Magic, Supernatural",TV,10,7.78,180032
14227,Tonari no Kaibutsu-kun,"Comedy, Romance, School, Shoujo, Slice of Life",TV,13,7.77,349836
430,Fullmetal Alchemist: The Conqueror of Shamballa,"Comedy, Drama, Fantasy, Historical, Military, Shounen",Movie,1,7.74,186465
14467,K,"Action, Super Power, Supernatural",TV,13,7.73,297051
1840,Zero no Tsukaima: Futatsuki no Kishi,"Action, Adventure, Comedy, Ecchi, Fantasy, Harem, Magic, Romance, School",TV,12,7.73,235684
530,Bishoujo Senshi Sailor Moon,"Demons, Magic, Romance, Shoujo",TV,46,7.71,146521
16762,Mirai Nikki Redial,"Action, Psychological, Shounen, Supernatural",OVA,1,7.71,135604
14967,Boku wa Tomodachi ga Sukunai Next,"Comedy, Harem, Romance, School, Seinen, Slice of Life",TV,12,7.7,214319
11617,High School DxD,"Comedy, Demons, Ecchi, Harem, Romance, School",TV,12,7.7,398660
857,Air Gear,"Action, Comedy, Ecchi, Shounen, Sports",TV,25,7.69,194611
4654,Toaru Majutsu no Index,"Action, Magic, Sci-Fi, Super Power",TV,24,7.69,313114
18139,Tonari no Seki-kun,"Comedy, School, Seinen",TV,21,7.69,82568
14345,Btooom!,"Action, Psychological, Sci-Fi, Seinen",TV,12,7.68,329561
5958,Sora no Otoshimono,"Comedy, Ecchi, Harem, Romance, Sci-Fi, Shounen, Supernatural",TV,13,7.68,227681
8841,Kore wa Zombie Desu ka?,"Action, Comedy, Ecchi, Harem, Magic, Supernatural",TV,12,7.67,295782
22729,Aldnoah.Zero,"Action, Mecha, Sci-Fi",TV,12,7.66,244193
26243,Owari no Seraph,"Action, Drama, Shounen, Supernatural, Vampire",TV,12,7.65,315630
270,Hellsing,"Action, Horror, Seinen, Supernatural, Vampire",TV,13,7.64,308995
28497,Rokka no Yuusha,"Action, Adventure, Fantasy, Magic, Mystery",TV,12,7.63,218747
11759,Accel World,"Action, Game, Romance, School, Sci-Fi",TV,24,7.62,324284
1195,Zero no Tsukaima,"Action, Adventure, Comedy, Ecchi, Fantasy, Harem, Magic, Romance, School",TV,13,7.62,346828
23281,Psycho-Pass 2,"Action, Police, Psychological, Sci-Fi",TV,11,7.6,228435
3712,Zero no Tsukaima: Princesses no Rondo,"Action, Adventure, Comedy, Ecchi, Fantasy, Harem, Magic, Romance, School",TV,12,7.6,210891
356,Fate/stay night,"Action, Fantasy, Magic, Romance, Supernatural",TV,24,7.58,374880
10719,Boku wa Tomodachi ga Sukunai,"Comedy, Ecchi, Harem, Romance, School, Seinen, Slice of Life",TV,12,7.57,325664
481,Yu☆Gi☆Oh! Duel Monsters,"Adventure, Game, Shounen",TV,224,7.57,132099
11633,Blood Lad,"Action, Comedy, Demons, Seinen, Supernatural, Vampire",TV,10,7.55,241513
6707,Kuroshitsuji II,"Action, Comedy, Demons, Fantasy, Shounen, Supernatural",TV,12,7.55,234955
15583,Date A Live,"Comedy, Harem, Mecha, Romance, School, Sci-Fi",TV,12,7.54,301358
11499,Sankarea,"Comedy, Ecchi, Horror, Romance, Shounen, Supernatural",TV,12,7.53,222657
19369,Outbreak Company,"Comedy, Fantasy, Harem, Parody",TV,12,7.52,131520
27899,Tokyo Ghoul √A,"Action, Drama, Horror, Mystery, Psychological, Seinen, Supernatural",TV,12,7.52,408357
16592,Danganronpa: Kibou no Gakuen to Zetsubou no Koukousei The Animation,"Action, Horror, Mystery, Psychological",TV,13,7.49,298550
8769,Ore no Imouto ga Konnani Kawaii Wake ga Nai,"Comedy, Seinen, Slice of Life",TV,12,7.49,321477
6880,Deadman Wonderland,"Action, Horror, Sci-Fi",TV,12,7.48,453454
12729,High School DxD OVA,"Comedy, Demons, Ecchi, Romance, School",OVA,2,7.47,91154
15225,Hentai Ouji to Warawanai Neko.,"Comedy, Harem, Romance, School, Seinen, Supernatural",TV,12,7.46,201735
8074,Highschool of the Dead,"Action, Ecchi, Horror, Supernatural",TV,12,7.46,535892
20787,Black Bullet,"Action, Mystery, Sci-Fi, Seinen",TV,13,7.44,320267
18277,Strike the Blood,"Action, Ecchi, Fantasy, Harem, School, Shounen, Supernatural, Vampire",TV,24,7.44,231387
13659,Ore no Imouto ga Konnani Kawaii Wake ga Nai.,"Comedy, Seinen, Slice of Life",TV,13,7.43,194791
20689,Hamatora The Animation,"Comedy, Mystery, Super Power",TV,12,7.41,133571
4063,Sekirei,"Action, Comedy, Ecchi, Harem, Super Power",TV,12,7.4,182713
3457,Vampire Knight,"Drama, Mystery, Romance, Shoujo, Supernatural, Vampire",TV,13,7.4,286826
17247,Machine-Doll wa Kizutsukanai,"Action, Ecchi, Fantasy, School, Seinen",TV,12,7.39,136751
1313,Digimon Adventure 02,"Action, Adventure, Comedy, Drama, Fantasy, Kids",TV,50,7.37,120268
21881,Sword Art Online II,"Action, Adventure, Fantasy, Game, Romance",TV,24,7.35,537892
3455,To LOVE-Ru,"Comedy, Ecchi, Harem, Romance, School, Sci-Fi",TV,26,7.34,237563
14749,Ore no Kanojo to Osananajimi ga Shuraba Sugiru,"Comedy, Harem, Romance, School",TV,13,7.32,156116
16742,Watashi ga Motenai no wa Dou Kangaetemo Omaera ga Warui!,"Comedy, School, Shounen, Slice of Life",TV,12,7.29,257925
20457,"Inari, Konkon, Koi Iroha.","Comedy, Romance, School, Seinen, Supernatural",TV,10,7.28,65402
4382,Suzumiya Haruhi no Yuuutsu (2009),"Comedy, Mystery, Parody, Romance, School, Sci-Fi, Slice of Life",TV,14,7.28,243448
1132,Digimon Frontier,"Action, Adventure, Comedy, Drama, Fantasy, Shounen",TV,50,7.25,74929
7059,Black★Rock Shooter (OVA),"Action, Drama, School, Slice of Life",OVA,1,7.24,130665
4214,Rosario to Vampire Capu2,"Comedy, Ecchi, Fantasy, Harem, Romance, School, Vampire",TV,13,7.24,203958
482,Yu☆Gi☆Oh!: Duel Monsters GX,"Action, Comedy, Fantasy, Game, Shounen",TV,180,7.23,74331
21085,Witch Craft Works,"Action, Fantasy, Magic, Seinen, Supernatural",TV,12,7.22,106381
7088,Ichiban Ushiro no Daimaou,"Action, Comedy, Ecchi, Fantasy, Harem, Magic, School, Shounen",TV,12,7.21,203618
21603,Mekakucity Actors,"Comedy, Romance, Sci-Fi, Super Power, Supernatural",TV,12,7.21,198876
6324,Omamori Himari,"Action, Comedy, Demons, Ecchi, Harem, Romance, Supernatural",TV,12,7.19,119572
2993,Rosario to Vampire,"Comedy, Ecchi, Fantasy, Harem, Romance, School, Shounen, Vampire",TV,13,7.14,299278
9041,IS: Infinite Stratos,"Action, Comedy, Harem, Mecha, Sci-Fi",TV,12,7.12,254543
21431,Gokukoku no Brynhildr,"Drama, Mystery, Sci-Fi, Seinen",TV,13,7.09,159899
7593,Kiss x Sis (TV),"Comedy, Ecchi, Harem, Romance, School, Seinen",TV,12,7.09,215361
11285,Black★Rock Shooter (TV),"Action, Drama, School, Slice of Life",TV,8,7.07,198991
16512,Devil Survivor 2 The Animation,"Action, Demons, Supernatural",TV,13,7.06,101266
11703,Code:Breaker,"Action, Comedy, School, Shounen, Super Power, Supernatural",TV,13,7.03,135255
11241,Brave 10,"Action, Adventure, Historical, Samurai, Seinen, Super Power",TV,12,6.97,82205
9515,Highschool of the Dead: Drifters of the Dead,"Comedy, Ecchi, Supernatural",OVA,1,6.77,140501
6205,Kämpfer,"Action, Comedy, Ecchi, Romance, School, Shoujo Ai, Super Power",TV,12,6.73,146631
225,Dragon Ball GT,"Action, Adventure, Comedy, Fantasy, Magic, Sci-Fi, Shounen, Super Power",TV,64,6.72,226625
8861,"Yosuga no Sora: In Solitude, Where We Are Least Alone.","Drama, Ecchi, Harem, Romance",TV,12,6.72,173216
6682,11eyes,"Action, Ecchi, Super Power, Supernatural",TV,12,6.49,133971
19769,Mahou Sensou,"Action, Fantasy, Magic",TV,12,6.18,104192
2476,School Days,"Drama, Harem, Romance, School",TV,12,6.17,279183
